strain	length	A	C	G	T	N	other_IUPAC	-	?	invalid_nucleotides
China/2018/AnhuiXCGQ	189393	58236	36461	36275	58421	0	0	0	0	0
Pig/HLJ/2018	189404	58236	36465	36283	58420	0	0	0	0	0
China/LN/2018/2	189394	58234	36461	36278	58421	0	0	0	0	0
ASFV-wbBS01	189394	58237	36460	36275	58422	0	0	0	0	0
Korea/YC1/2019	188950	58077	36366	36214	58293	0	0	0	0	0
Mon_Dom	189389	58231	36463	36278	58417	0	0	0	0	0
CN/2019/InnerMongolia-AES01	189403	58238	36465	36274	58426	0	0	0	0	0
pig/HuB1/2019	180555	55344	34793	34815	55603	0	0	0	0	0
Korea/CW714/2020	188784	58031	36331	36181	58241	0	0	0	0	0
S-S-VR-413000-00015	189411	58233	36466	36287	58425	0	0	0	0	0
S-S-VR-413000-00008	189429	58243	36469	36287	58430	0	0	0	0	0
S-S-VR-413000-00002	189400	58228	36465	36284	58423	0	0	0	0	0
Vietnam/Pig/RG-4/01	189422	58197	36420	36335	58470	0	0	0	0	0
Vietnam/Pig/RG-5/01	189408	58307	36408	36285	58408	0	0	0	0	0
Vietnam/Pig/RG-6/01	189415	58260	36464	36284	58407	0	0	0	0	0
Vietnam/Pig/RG-7/01	189407	58243	36460	36284	58420	0	0	0	0	0
VNUA-ASFV-05L1/HaNam/VN/2020	186237	57415	35750	35891	57181	0	0	0	0	0
ASF/IND/20/CAD/543	170032	50461	32035	32108	50771	3990	667	0	0	0
wildboar/SNJ/2020	189400	58256	36432	36311	58401	0	0	0	0	0
HuB20	188643	57903	36390	36208	58142	0	0	0	0	0
Korea/PC1432/2021	188585	57966	36291	36145	58182	1	0	0	0	0
K1-1/Liver/Kupang/Indonesia/2023	186611	57308	35947	35807	57549	0	0	0	0	0
